52ø9?57?,ÿ4ø42?00?
52ø08?25?,ÿ4ø43?40?
51ø50?55?,ÿ4ø14?35?
51ø58?45?,ÿ4ø21?20?
51ø58?00?,ÿ4ø41?55?
51ø49?10?,ÿ4ø34?55?
52ø08?00?,ÿ4ø33?00?
51ø41?15?,ÿ4ø16?45?
52ø08?50?,ÿ4ø51?25?
51ø52?00?,ÿ4ø39?40?
52ø08?05?,ÿ4ø39?35?
51ø55?40?,ÿ4ø48?30?
51ø51?50?,ÿ4ø59?40?
52ø16?40?,ÿ4ø34?15?
52ø00?20?,ÿ4ø11?20?
51ø49?30?,ÿ4ø44?35?
51ø51?25?,ÿ4ø32?05?
51ø50?10?,ÿ4ø31?45?
51ø42?25?,ÿ4ø07?45?
51ø50?00?,ÿ4ø23?45?
51ø56?15?,ÿ4ø45?30?
52ø00?05?,ÿ4ø45?15?
51ø57?25?,ÿ4ø43?55?
51ø58?05?,ÿ4ø45?15?
52ø06?20?,ÿ4ø33?25?
52ø04?40?,ÿ4ø32?40?
51ø56?05?,ÿ4ø47?10?
51ø59?25?,ÿ4ø29?55?
51ø55?20?,ÿ4ø47?05?
51ø59?00?,ÿ4ø29?00?
51ø59?30?,ÿ4ø28?20?
51ø56?40?,ÿ4ø42?25?
51ø50?15?,ÿ4ø17?10?
52ø12?45?,ÿ4ø43?30?
51ø48?55?,ÿ4ø30?40?
51ø58?55?,ÿ4ø16?15?
52ø00?40?,ÿ4ø31?55?
51ø52?20?,ÿ4ø47?00?
52ø03?00?,ÿ4ø41?00?
52ø12?45?,ÿ4ø47?00?
52ø04?55?,ÿ4ø45?00?
51ø53?45?,ÿ4ø34?45?
51ø45?55?,ÿ4ø24?35?
51ø57?50?,ÿ4ø50?40?
52ø04?30?,ÿ4ø39?20?
51ø57?20?,ÿ4ø49?40?
52ø00?30?,ÿ4ø47?40?
51ø49?25?,ÿ4ø52?55?
51ø58?30?,ÿ4ø47?15?
51ø53?25?,ÿ4ø48?50?
51ø54?05?,ÿ4ø09?45?
51ø58?05?,ÿ4ø15?40?
51ø55?45?,ÿ4ø34?40?
51ø51?00?,ÿ4ø31?00?
51ø46?25?,ÿ4ø32?50?
51ø49?40?,ÿ5ø00?35?
51ø53?35?,ÿ4ø47?15?
52ø00?45?,ÿ4ø15?00?
52ø14?30?,ÿ4ø32?15?
51ø56?35?,ÿ4ø49?50?
51ø55?00?,ÿ4ø45?00?
51ø51?00?,ÿ4ø18?00?
52ø13?15?,ÿ4ø26?25?
51ø44?00?,ÿ4ø30?50?
51ø51?40?,ÿ4ø56?50?
52ø00?25?,ÿ4ø23?45?
52ø00?25?,ÿ4ø21?20?
51ø58?30?,ÿ4ø14?55?
51ø42?55?,ÿ4ø17?05?
52ø08?15?,ÿ4ø24?45?
51ø54?40?,ÿ4ø57?35?
52ø04?35?,ÿ4ø17?55?
52ø03?00?,ÿ4ø31?00?
52ø00?10?,ÿ4ø20?00?
52ø10?20?,ÿ4ø24?00?
52ø05?05?,ÿ4ø37?55?
51ø58?10?,ÿ4ø32?05?
51ø45?05?,ÿ4ø37?30?
52ø18?10?,ÿ4ø32?40?
51ø44?55?,ÿ4ø06?00?
51ø48?35?,ÿ4ø40?25?
52ø02?40?,ÿ4ø48?00?
51ø47?00?,ÿ4ø44?00?
51ø57?20?,ÿ4ø17?20?
51ø51?40?,ÿ4ø15?40?
52ø05?30?,ÿ4ø31?50?
51ø56?20?,ÿ4ø50?35?
51ø51?05?,ÿ4ø53?25?
51ø49?25?,ÿ4ø48?55?
51ø50?40?,ÿ4ø52?00?
51ø52?45?,ÿ4ø49?20?
52ø08?25?,ÿ4ø37?40?
51ø49?05?,ÿ3ø58?50?
51ø49?35?,ÿ4ø27?40?
52ø03?10?,ÿ4ø23?35?
51ø50?00?,ÿ4ø58?30?
52ø01?00?,ÿ4ø42?30?
51ø59?05?,ÿ4ø40?40?
51ø54?10?,ÿ4ø54?00?
51ø59?00?,ÿ4ø45?45?
51ø47?40?,ÿ4ø16?35?
51ø55?30?,ÿ4ø51?20?
51ø46?45?,ÿ4ø37?00?
51ø57?35?,ÿ4ø37?15?
52ø00?05?,ÿ4ø09?55?
51ø47?15?,ÿ4ø26?10?
52ø07?50?,ÿ4ø33?35?
51ø59?05?,ÿ4ø35?50?
51ø55?25?,ÿ4ø49?25?
51ø56?15?,ÿ4ø37?50?
52ø03?35?,ÿ4ø24?15?
52ø01?15?,ÿ4ø20?30?
52ø00?05?,ÿ4ø46?30?
52ø16?40?,ÿ4ø32?10?
51ø49?50?,ÿ4ø00?20?
52ø05?50?,ÿ4ø35?10?
52ø07?40?,ÿ4ø35?30?
51ø51?55?,ÿ4ø14?35?
51ø58?55?,ÿ4ø10?50?
51ø50?10?,ÿ4ø33?50?
51ø53?35?,ÿ4ø25?15?
52ø09?40?,ÿ4ø38?25?
51ø49?35?,ÿ4ø28?45?
51ø49?35?,ÿ4ø20?40?
51ø53?55?,ÿ4ø05?30?
51ø50?05?,ÿ4ø08?50?
51ø50?40?,ÿ4ø38?20?
51ø42?35?,ÿ4ø05?15?
51ø59?05?,ÿ4ø43?55?
52ø17?25?,ÿ4ø35?00?
51ø44?25?,ÿ4ø21?50?
51ø59?05?,ÿ4ø19?15?
51ø58?40?,ÿ4ø08?00?
52ø01?35?,ÿ4ø48?15?
52ø04?40?,ÿ4ø34?50?
52ø02?30?,ÿ4ø33?45?
51ø52?30?,ÿ4ø58?35?
52ø10?10?,ÿ4ø34?55?
51ø51?45?,ÿ4ø21?45?
52ø08?05?,ÿ4ø37?30?
51ø52?45?,ÿ4ø56?50?
51ø58?05?,ÿ4ø38?00?
51ø50?35?,ÿ4ø10?15?
52ø12?50?,ÿ4ø33?25?
51ø56?35?,ÿ4ø47?00?
51ø57?25?,ÿ4ø23?55?
52ø11?40?,ÿ4ø25?20?
52ø12?10?,ÿ4ø23?55?
52ø02?05?,ÿ4ø27?00?
51ø45?25?,ÿ4ø32?50?
51ø56?40?,ÿ4ø23?10?
51ø49?30?,ÿ4ø35?45?
51ø53?10?,ÿ4ø37?55?
51ø46?15?,ÿ4ø26?45?
52ø01?10?,ÿ4ø23?15?
51ø49?40?,ÿ4ø34?25?
51ø57?30?,ÿ4ø38?25?
52ø12?20?,ÿ4ø29?40?
51ø50?40?,ÿ4ø29?25?
51ø51?55?,ÿ4ø41?40?
51ø57?30?,ÿ4ø46?00?
51ø47?20?,ÿ4ø45?25?
51ø58?05?,ÿ4ø37?45?
52ø10?25?,ÿ4ø43?55?
51ø52?00?,ÿ4ø41?15?
52ø08?00?,ÿ4ø36?05?
51ø54?45?,ÿ4ø33?10?
51ø40?55?,ÿ4ø15?25?
51ø53?40?,ÿ4ø37?45?
51ø55?00?,ÿ4ø36?10?
51ø55?15?,ÿ4ø07?10?
52ø02?40?,ÿ4ø32?40?
51ø49?25?,ÿ4ø33?10?
52ø00?45?,ÿ4ø15?20?
51ø57?55?,ÿ4ø38?25?
52ø11?35?,ÿ4ø42?40?
51ø55?55?,ÿ4ø52?35?
52ø02?20?,ÿ4ø47?40?
51ø40?30?,ÿ4ø16?45?
52ø09?30?,ÿ4ø29?35?
52ø09?30?,ÿ4ø31?45?
52ø05?15?,ÿ4ø23?40?
52ø13?25?,ÿ4ø40?10?
51ø53?55?,ÿ4ø40?55?
51ø59?10?,ÿ4ø16?50?
51ø55?56?,ÿ4ø49?57?
52ø15?35?,ÿ4ø33?25?
52ø05?20?,ÿ4ø38?20?
52ø09?05?,ÿ4ø25?40?
51ø47?20?,ÿ4ø33?20?
51ø57?30?,ÿ4ø12?50?
51ø47?25?,ÿ4ø28?20?
51ø56?05?,ÿ4ø16?20?
51ø55?25?,ÿ4ø15?00?
52ø00?40?,ÿ4ø14?15?
51ø49?45?,ÿ4ø43?50?
52ø07?15?,ÿ4ø47?35?
51ø46?15?,ÿ4ø04?15?
52ø03?25?,ÿ4ø40?55?
51ø45?30?,ÿ4ø09?55?
51ø44?35?,ÿ4ø26?30?
51ø47?50?,ÿ4ø29?15?
51ø53?35?,ÿ4ø58?20?
52ø02?40?,ÿ4ø34?30?
52ø08?40?,ÿ4ø38?40?
51ø52?30?,ÿ4ø49?30?
52ø01?35?,ÿ4ø10?30?
51ø45?10?,ÿ4ø35?40?
51ø59?10?,ÿ4ø40?05?
51ø59?40?,ÿ4ø12?35?
51ø49?35?,ÿ4ø50?15?
51ø57?40?,ÿ4ø19?40?
51ø48?45?,ÿ4ø20?35?
51ø45?15?,ÿ4ø19?05?
51ø51?15?,ÿ4ø08?35?
52ø04?40?,ÿ4ø48?50?
51ø58?05?,ÿ4ø36?35?
51ø42?55?,ÿ4ø09?55?
51ø58?30?,ÿ4ø14?05?
52ø12?25?,ÿ4ø37?05?
52ø09?05?,ÿ4ø46?35?
51ø53?20?,ÿ4ø40?45?
51ø56?10?,ÿ4ø52?05?
52ø11?50?,ÿ4ø45?25?
52ø01?00?,ÿ4ø29?00?
52ø11?35?,ÿ4ø46?25?
51ø54?15?,ÿ4ø56?30?
52ø10?00?,ÿ4ø49?40?
52ø10?15?,ÿ4ø51?15?
52ø10?10?,ÿ4ø50?20?
52ø14?35?,ÿ4ø26?05?
52ø14?10?,ÿ4ø26?50?
52ø15?40?,ÿ4ø29?35?
52ø04?55?,ÿ4ø46?25?
52ø02?40?,ÿ4ø23?45?
52ø02?10?,ÿ4ø25?35?
51ø43?55?,ÿ4ø26?15?
52ø10?50?,ÿ4ø28?10?
52ø09?55?,ÿ4ø36?15?
51ø41?00?,ÿ4ø20?45?
51ø58?45?,ÿ4ø16?40?
51ø49?40?,ÿ3ø57?40?
51ø49?45?,ÿ4ø43?25?
52ø12?45?,ÿ4ø30?50?
51ø51?10?,ÿ4ø38?05?
51ø48?00?,ÿ4ø20?15?
51ø54?45?,ÿ4ø05?55?
51ø53?55?,ÿ4ø42?45?
51ø53?35?,ÿ4ø52?15?
52ø11?25?,ÿ4ø33?55?
51ø51?30?,ÿ4ø42?20?
51ø49?25?,ÿ4ø24?45?
52ø04?40?,ÿ4ø44?05?
51ø48?45?,ÿ3ø56?05?
51ø55?50?,ÿ4ø40?45?
51ø59?15?,ÿ4ø25?20?
51ø51?35?,ÿ4ø38?15?
51ø46?25?,ÿ4ø29?15?
51ø46?20?,ÿ4ø16?25?
51ø49?40?,ÿ4ø11?30?
51ø56?05?,ÿ4ø38?10?
51ø45?35?,ÿ4ø26?40?
51ø41?30?,ÿ4ø12?50?
52ø12?50?,ÿ4ø38?40?
52ø03?30?,ÿ4ø42?55?
51ø58?45?,ÿ4ø33?10?
52ø02?05?,ÿ4ø46?20?
51ø52?55?,ÿ4ø55?30?
51ø49?55?,ÿ4ø41?15?
52ø11?05?,ÿ4ø43?30?
52ø03?30?,ÿ4ø21?25?
51ø53?20?,ÿ4ø23?20?
51ø47?35?,ÿ4ø18?50?
52ø01?00?,ÿ4ø26?15?
51ø52?05?,ÿ4ø54?30?
52ø01?30?,ÿ4ø44?20?
52ø01?30?,ÿ4ø13?10?
51ø51?30?,ÿ4ø23?40?
51ø48?20?,ÿ4ø34?05?
52ø03?45?,ÿ4ø40?15?
51ø49?00?,ÿ4ø27?45?
52ø02?45?,ÿ4ø43?30?
52ø03?20?,ÿ4ø41?25?
51ø51?25?,ÿ4ø25?20?
52ø09?15?,ÿ4ø40?35?
51ø52?20?,ÿ4ø36?10?
52ø06?05?,ÿ4ø37?40?
51ø51?35?,ÿ5ø00?50?
52ø11?45?,ÿ4ø40?15?
52ø11?25?,ÿ4ø26?30?
52ø11?35?,ÿ4ø35?00?
51ø51?00?,ÿ4ø35?45?
52ø02?40?,ÿ4ø19?40?
51ø52?20?,ÿ4ø04?15?
52ø03?20?,ÿ4ø25?05?
52ø12?10?,ÿ4ø38?00?
52ø00?45?,ÿ4ø13?00?
51ø55?20?,ÿ4ø28?45?
51ø54?15?,ÿ4ø14?55?
52ø00?55?,ÿ4ø50?25?
52ø17?30?,ÿ4ø31?35?
52ø13?30?,ÿ4ø31?20?
51ø50?35?,ÿ4ø55?35?
51ø44?35?,ÿ4ø23?00?
51ø44?30?,ÿ4ø36?10?
51ø55?10?,ÿ4ø23?20?
51ø58?35?,ÿ4ø18?50?
51ø56?50?,ÿ4ø50?55?
51ø57?50?,ÿ4ø47?30?
51ø43?45?,ÿ4ø29?05?
51ø53?35?,ÿ4ø38?50?
51ø49?20?,ÿ4ø17?20?
51ø47?55?,ÿ4ø31?55?
52ø00?50?,ÿ4ø19?30?
51ø49?15?,ÿ4ø46?35?
52ø09?20?,ÿ4ø51?25?
52ø02?20?,ÿ4ø44?30?
51ø45?25?,ÿ4ø08?55?
51ø50?40?,ÿ4ø19?45?
52ø05?00?,ÿ4ø41?45?
51ø44?20?,ÿ4ø14?30?
51ø43?55?,ÿ4ø34?15?
52ø00?15?,ÿ4ø46?55?
51ø48?20?,ÿ4ø01?30?
51ø58?20?,ÿ4ø46?25?
52ø00?20?,ÿ4ø43?15?
52ø05?40?,ÿ4ø28?15?
51ø54?45?,ÿ4ø34?25?
51ø54?00?,ÿ4ø44?35?
52ø38?30?,ÿ4ø32?05?
51ø42?55?,ÿ4ø35?10?
52ø01?50?,ÿ4ø18?05?
51ø53?25?,ÿ4ø05?15?
51ø53?05?,ÿ4ø03?45?
52ø13?55?,ÿ4ø31?15?
52ø04?05?,ÿ4ø42?15?
52ø09?55?,ÿ4ø42?25?
51ø57?20?,ÿ4ø31?05?
52ø01?50?,ÿ4ø10?05?
51ø55?35?,ÿ4ø16?20?
51ø44?30?,ÿ4ø19?05?
51ø53?15?,ÿ4ø08?10?
51ø56?25?,ÿ4ø48?15?
51ø46?00?,ÿ4ø38?40?
51ø51?10?,ÿ4ø11?50?
52ø10?50?,ÿ4ø25?55?
51ø52?45?,ÿ4ø10?45?
51ø48?00?,ÿ3ø52?10?
51ø54?45?,ÿ4ø20?30?
52ø01?45?,ÿ4ø26?05?
51ø58?50?,ÿ4ø49?10?
51ø50?10?,ÿ4ø08?55?
52ø04?25?,ÿ4ø21?35?
52ø13?20?,ÿ4ø29?05?
52ø07?40?,ÿ4ø26?55?
52ø05?20?,ÿ4ø37?15?
52ø13?15?,ÿ4ø41?55?
51ø52?30?,ÿ4ø50?55?
51ø47?15?,ÿ4ø23?40?
51ø56?20?,ÿ4ø53?55?
52ø03?40?,ÿ4ø49?15?
52ø02?40?,ÿ4ø39?05?
52ø11?50?,ÿ4ø30?10?
52ø08?45?,ÿ4ø24?10?
52ø01?25?,ÿ4ø16?15?
52ø05?05?,ÿ4ø47?55?
52ø04?55?,ÿ4ø48?10?
52ø06?50?,ÿ4ø31?25?
51ø47?45?,ÿ4ø28?20?
52ø05?45?,ÿ4ø33?30?
52ø06?40?,ÿ4ø28?50?
51ø58?25?,ÿ4ø13?15?
51ø47?10?,ÿ4ø28?30?
51ø51?20?,ÿ4ø34?30?
51ø47?05?,ÿ4ø37?55?
51ø50?45?,ÿ4ø45?45?
51ø43?50?,ÿ4ø37?50?
52ø04?30?,ÿ4ø25?30?
51ø56?15?,ÿ4ø23?10?
52ø09?20?,ÿ4ø51?50?
52ø10?10?,ÿ4ø38?10?
51ø59?45?,ÿ4ø17?35?
52ø10?55?,ÿ4ø46?45?
52ø00?40?,ÿ4ø34?55?
52ø11?50?,ÿ4ø33?25?
51ø48?10?,ÿ4ø23?25?
52ø03?25?,ÿ4ø29?35?
52ø07?15?,ÿ4ø29?45?
52ø08?30?,ÿ4ø31?35?
51ø57?05?,ÿ4ø19?30?
51ø45?05?,ÿ4ø22?05?
51ø56?10?,ÿ4ø43?55?
52ø06?30?,ÿ4ø30?15?
52ø08?00?,ÿ4ø45?50?
51ø49?20?,ÿ4ø15?35?
52ø04?50?,ÿ4ø46?20?
51ø42?05?,ÿ4ø15?30?
51ø46?55?,ÿ4ø21?55?
51ø51?25?,ÿ4ø34?05?
52ø06?20?,ÿ4ø43?35?
51ø47?25?,ÿ4ø31?00?
51ø53?00?,ÿ4ø13?15?
51ø46?20?,ÿ4ø19?40?
51ø51?55?,ÿ4ø33?35?
51ø57?40?,ÿ4ø23?40?
51ø49?05?,ÿ4ø38?00?
